COMMUNITY_ID,COMMUNITY_NAME,DESCRIPTION
co1039353,ＩＳシャルロッ党,"このコミュニティは<b><font color=orange><font size=3>シャルル・デュノア</font></font></b>を愛する人達のコミュニティです。<br>[￥Ｎ][￥Ｎ]<br>[￥Ｎ][￥Ｎ]<b><font color=crimzon><font size=3>このコミュニティでは各々がこのコミュニティを使い生放送をすることを許可しています。</font></font></b><br>[￥Ｎ][￥Ｎ]放送内容はシャルルやＩＳに関することです。<br>[￥Ｎ][￥Ｎ]※詳しくは下記の生主規則を読んでください。<br>[￥Ｎ][￥Ｎ]<br>[￥Ｎ][￥Ｎ]…………………………………………………………………………………………<br>[￥Ｎ][￥Ｎ]<br>[￥Ｎ][￥Ｎ]<font color=gold>シャルロット・デュノア</font><br>[￥Ｎ][￥Ｎ]声 - 花澤香菜<br>[￥Ｎ][￥Ｎ]本作のヒロインの1人。<br>[￥Ｎ][￥Ｎ]IS学園の1年1組に所属。フランスの代表候補生。<br>[￥Ｎ][￥Ｎ]中性的な顔立ちで、金髪を首の後ろで束ね、スマートな体型をしている。初登場時（2巻）では男装し、他にも存在した男性操縦者という触れ込みで、「シャルル・デュノア」を名乗ってIS学園に転入してきた。<br>[￥Ｎ][￥Ｎ]実子ではあるが社長である父親の愛人の娘であり、母親の死後に引き取られたデュノア家に居場所はなく、自分の意志と関係なくIS開発のための道具として扱われてきた。<br>[￥Ｎ][￥Ｎ][￥Ｎ][￥Ｎ]IS学園へ転入したのも実家であるデュノア社がIS開発の遅れによる経営危機に陥り、社のアピールのため世間の注目を集めさせ、一夏に接近して彼とそのISである「白式」のデータを盗めという社長命令によるものであった。<br>[￥Ｎ][￥Ｎ]当初、男同士ということで一夏と部屋も同室となり、訓練や私生活を通して友情を深めていたが、ふとした事から女性であることが彼に露見してしまう、後に一夏へ真相を告げ学園を去ろうとするが、彼の真摯な説得で思いとどまり、同時に自分の居場所を作ってくれた彼に好意を抱くようになる。その際、シャルロットでは呼びにくいという理由から、一夏によって「シャル」という愛称を付けられる。<br>[￥Ｎ][￥Ｎ]その後、実家と決別して本来の名と性別で再入学を果たす。再入学後はラウラとルームメイトになり、年頃の少女の感覚に疎いラウラの世話を焼いたりすることもある。部活動は料理部に所属。[￥Ｎ][￥Ｎ]男装していた時の名残で現在も一人称は「僕」（先生の前では「私」）。機転の効く性格で包容力があり、誰に対してもさりげなく気を回す反面、一夏へのアプローチは後先を考えないかなり大胆な部分がある。一夏曰く「怒らせると一番怖い」。[￥Ｎ][￥Ｎ]専用ISは「ラファール・リヴァイヴ・カスタムII」。<br>[￥Ｎ][￥Ｎ]<br>[￥Ｎ][￥Ｎ]…………………………………………………………………………………………<br>[￥Ｎ][￥Ｎ]<br>[￥Ｎ][￥Ｎ]<b><font color=goldenrod><font size=3>注意事項</font></font></b><br>[￥Ｎ][￥Ｎ]<font size=""4""><font color=""deeppink""><b>Ⅰ</b></font><b>  シャルを好きであること</b></font><br/>[￥Ｎ][￥Ｎ]<font size=""4""><font color=""deeppink""><b>Ⅱ</b></font><b>  他のキャラ、党、党員批判はしないこと</b></font><br>[￥Ｎ][￥Ｎ]<font size=""4""><font color=""deeppink""><b>Ⅲ</b></font><b>  嫁宣言、ぶひ発言はしないでください（荒らしとみなされるかもしれません）</b></font><br>[￥Ｎ][￥Ｎ]<br>[￥Ｎ][￥Ｎ]…………………………………………………………………………………………<br>[￥Ｎ][￥Ｎ]<br>    [￥Ｎ][￥Ｎ]<font size=""3""><font color=""crimzon""><b>生主規則</b></font></font><br />[￥Ｎ][￥Ｎ]<b>・自コミュ、他コミュの宣伝は<b>「積極的には」</b>行わない（宣伝自体はＯＫ）</b><br>[￥Ｎ][￥Ｎ]<b>・ＢＡＮになりかねないことは避けてください</b><br>[￥Ｎ][￥Ｎ]<b>・コミュ詳細の注意事項を守る</b><br>[￥Ｎ][￥Ｎ]<b>・生主としてのマナーを守る</b><br>[￥Ｎ][￥Ｎ]<br>[￥Ｎ][￥Ｎ]…………………………………………………………………………………………<br>[￥Ｎ][￥Ｎ]<br>[￥Ｎ][￥Ｎ]<b><font color=deeppink>また放送内では、シャルル以外のヒロインの魅力を語ることも許可しています。</font></b><br>[￥Ｎ][￥Ｎ]<b>全キャラ可愛いことは周知の事実だと思います。</b><br>[￥Ｎ][￥Ｎ]<b><font color=orange><font size=3>「全員可愛いが、シャルルこそが俺の真のジャスティス」</font></font></b><br>[￥Ｎ][￥Ｎ]この精神を守った上で他のキャラの魅力を語ることを許可します。<br>[￥Ｎ][￥Ｎ]<br>[￥Ｎ][￥Ｎ]<b>皆さんが更にＩＳを・・・</b><br>[￥Ｎ][￥Ｎ]<b><font color=gold><font size=3>そして何よりシャルルを愛することを願います。</font></font></b><br>[￥Ｎ][￥Ｎ]<br>[￥Ｎ][￥Ｎ]…………………………………………………………………………………………<br>[￥Ｎ][￥Ｎ]<b><font size=4>この党は以下の党と連立しています。</font></b><br>[￥Ｎ][￥Ｎ]<b><font color=gold>のほほん党</font></b>:co1060205<br>[￥Ｎ][￥Ｎ]のほほんさんも大好きという人はこちらにも是非足を運んでみてください。<br>[￥Ｎ][￥Ｎ]<br>[￥Ｎ][￥Ｎ][￥Ｎ][￥Ｎ]<b><font color=crimzon>蘭党（いもう党）</font></b><b>:co1068151</b><br>[￥Ｎ][￥Ｎ]蘭が好きな人はこちらにも足をお運びください。<br>[￥Ｎ][￥Ｎ]"
co1396502,のんびり放送局,26歳の社会人がのんびり放送です<br>[￥Ｎ][￥Ｎ][￥Ｎ][￥Ｎ]主な放送内容<br>[￥Ｎ][￥Ｎ]顔出し<br>  [￥Ｎ][￥Ｎ]車載<br>[￥Ｎ][￥Ｎ]<br>[￥Ｎ][￥Ｎ]コミュリンク＞<br>[￥Ｎ][￥Ｎ]れーがさんのコミュ<br>[￥Ｎ][￥Ｎ]co1427130<br>[￥Ｎ][￥Ｎ]↑エボXで車載をしています<br>[￥Ｎ][￥Ｎ]<br>[￥Ｎ][￥Ｎ]PK@ジェイル宗さんのコミュ<br>[￥Ｎ][￥Ｎ]co401652<br>[￥Ｎ][￥Ｎ]↑むこがかわいい放送（主もかわいいです）<br>[￥Ｎ][￥Ｎ]<br>[￥Ｎ][￥Ｎ] 真冬さんのコミュ<br>[￥Ｎ][￥Ｎ]co1641127<br>[￥Ｎ][￥Ｎ]↑GT5や rFactorの放送してます<br>[￥Ｎ][￥Ｎ]<br>[￥Ｎ][￥Ｎ]DwMAX公式生放送<br>[￥Ｎ][￥Ｎ]co1483606<br>[￥Ｎ][￥Ｎ]↑大手チームさんのコミュです<br>[￥Ｎ][￥Ｎ]<br>[￥Ｎ][￥Ｎ]ケンケンP☆さんのコミュ<br>[￥Ｎ][￥Ｎ]co336809<br>[￥Ｎ][￥Ｎ]↑GTAやBO2などをやっています<br>[￥Ｎ][￥Ｎ]<br>[￥Ｎ][￥Ｎ]気まぐれまさ(*′ω`)さんのコミュ<br>[￥Ｎ][￥Ｎ]co1305773<br>[￥Ｎ][￥Ｎ]↑岐阜の車載主さんです<br>[￥Ｎ][￥Ｎ]<br>[￥Ｎ][￥Ｎ]柊みゅうさんのコミュ<br>[￥Ｎ][￥Ｎ]co1508229<br>[￥Ｎ][￥Ｎ]↑スネークの声真似がうまいかたです　BO2放送もしています<br>[￥Ｎ][￥Ｎ]<br> [￥Ｎ][￥Ｎ]風遊さんのコミュ<br> [￥Ｎ][￥Ｎ]co1397068<br> [￥Ｎ][￥Ｎ]↑雑談枠　歌枠などなどやっております<br> [￥Ｎ][￥Ｎ]元気になる放送ですよー<br> [￥Ｎ][￥Ｎ]<br> [￥Ｎ][￥Ｎ]4∞B∞/芝部さんのコミュ<br>[￥Ｎ][￥Ｎ]co1909612<br>[￥Ｎ][￥Ｎ]↑歌枠などなどとても楽しい放送です<br>[￥Ｎ][￥Ｎ]<br>[￥Ｎ][￥Ｎ]YUMEさんのコミュ<br>[￥Ｎ][￥Ｎ]co401408<br>[￥Ｎ][￥Ｎ]↑DJ枠をやって見えます　楽しいですよ<br>[￥Ｎ][￥Ｎ]<br>[￥Ｎ][￥Ｎ]椎名*優さんのコミュ<br>[￥Ｎ][￥Ｎ]co2041880<br>[￥Ｎ][￥Ｎ]↑雑談です<br> [￥Ｎ][￥Ｎ]<br>[￥Ｎ][￥Ｎ]がーくん88さんのコミュ <br> [￥Ｎ][￥Ｎ]co2165633 <br> [￥Ｎ][￥Ｎ]↑歌枠とか雑談とか　とても楽しい放送です（イケメンです） <br> [￥Ｎ][￥Ｎ] <br>[￥Ｎ][￥Ｎ]Tigerさんのコミュ <br>[￥Ｎ][￥Ｎ]co2240983 <br>[￥Ｎ][￥Ｎ]↑雑談主でとっても面白い方です（馬とか言わないのよ？） <br>[￥Ｎ][￥Ｎ]
co224639,たこねるっ,滅多に放送しませんっ(｡´・ω・`。)
co247977,17.8MHz クロムの実況雑技談,"<font color=""ff3300"" size=""4"">17.8MHz クロムの実況雑技談</font><br><br>どうもこんにちは。<br><br>実況、雑談、その他諸々一人で遣って退ける　<font color=""ff5555"" size=""3"">ChromeBread</font>　と言います。<br><br>クロムの実況雑技談では、<br>ゲーム（レトロ含め）を生放送！注目のラインナップをお届け！！<br>「普通の実況」「ネタが尽きにくい雑談」<br>「実況がシカゴタイプライター」「プレイ自体は超ド下手」<br>「サッカー、野球、プロレス、スキージャンプ、筋肉番付風実況」<br>ローからハイテンションまで、<br>皆様をChromeWorldに招待致しましょう！<br><br>放送内容は<br>「ｇｄｇｄゲームしてくる」「雑談しようず」「テスト配信」<br><br>○パーソナリティー　：　ChromeBread<br>○ゲスト　：　御嬢（妹様）<br>○放送時間　：　大体21:00～00:15の間に放送中。後は気まぐれ。<br>○概要　：　<font color=""ff0000"">当コミュは基本、オンラインゲームにてニコ生専用部屋作成は行いません。</font><br><br><br><font color=""0000ff"" size=""3"">◆マイリスト</font><br><br>歌ってみた⇒mylist/22231914<br>ニコ生補完⇒mylist/22216357<br><br><br><font color=""0000ff"" size=""3"">◆コミュリンク</font><br><br><font color=""00b400"">♣</font>あぶらげさん【co260782】<br>薄型軽量フレキシブルスピーカーとはまさに彼の事<br><font color=""00b400"">♣</font>談合【穴掘り】さん【co400304】<br>WarRockをやっているが…恐ろしい奴よﾌﾌﾌ<br><font color=""00b400"">♣</font>Snow@コヒ～さん【co393842】<br>魅惑のボイスでペーパーマンを…<br><font color=""00b400"">♣</font>とらごんさん【co309696】<br>昔から一緒にペーパーマンしてた人～<br><font color=""00b400"">♣</font>ナナス・ベラドンナさん【co62868】<br>BGMの頻度が高くて楽しい！<br><font color=""00b400"">♣</font>tsukasaさん【co267221】<br>こやつがレースゲーやりおると何かが起こるぞ！（笑<br><font color=""cc3333"">♦</font>ふぶきんぐさん【co405529】<br>L4D2配信は色々良い思い出であ～る<br><font color=""cc3333"">♦</font>みんとりーさん【co339310】<br>たまにお邪魔させてもらったり～<br><br>リンク追加には一声かけて下さい。<br>※声かけてくれないと勝手に私が追加する場合があるかも知れません（えーｗ<br><br><br><font color=""0000ff"" size=""3"">◆主な放送</font><br><br>・プラスが取れたら後日は大雨！！<br>　『ペーパーマン（PC）』<br>　キャラ名：bz20<br>　階級37<br>　技術有り。実力無し。<br>　http://zoome.jp/bzultra/diary/34/<br>　放送時の特徴：平均0Kill/7Death--超処理落ちオワタAIM--野良。<br>　※ニコ生専用部屋作成はほぼ行いません。<br>　が、私をフレリスに入れ凸は構いません。<br>　↓PM放送についての報告はこちら↓<br />http://ameblo.jp/bzultra/entry-10561108060.html<br /><br />・ニコ生で最初から今までお付き合い頂き誠に有難う御座いました。<br>　『バイオハザード4（Resident Evil 4 PC/EU版）』<br>　現在EASYの二周目「右手：HPS-12　両足：DDRマットでプレイ」縛り放送中。<br>　↑後々、十分な撮影環境のもとでプレイします。<br><br>・御嬢が無双する！<br>　『デッドライジング ゾンビのいけにえ（Wii）』<br>　　※クロムは実況です。<br><br>・ルリルリは俺の嫁。異論は認めない。<br>　『Another Century&#039;s Episode（PS2）』<br>　　スパロボだけじゃなくこのゲームでもナデシコの機体は強い。<br><br>・俺の妹が(マリオでも)こんなに可愛いわけがない<br>　『New スーパーマリオブラザーズ Wii（Wii）』<br>　まだまだ途中だ！<br><br>・御嬢！DSばかり目を向けず真面目に撃ってくだｓぎゃあああ何故に私だけくらっｔえっ…ちょ（ｒｙ<br>　『バイオハザード / ダークサイド・クロニクルズ（Wii）』<br>　リアル系とかマジ勘弁ｗｗｗ<br>　ノーマル、クリアしました。<br><br>・御嬢助けてええええええ！怒涛の協力プレイ！<br>　『Left 4 Dead（PC）』<br>　クロム「私は御嬢を援護！御嬢は感染者を援護やめっ減ってるっ悔しいっでも感じちゃ」<br>　御嬢「キモッ！」<br>　クロム「えふんえふん！はぁ～いそれでは（ｒｙ」<br>　※L4D2も所持しております。<br><br>・遅れてきたポケモンマスター<br>　『ポケットモンスター ハートゴールド（DS）』<br>　バッジ7個取ったずうぇい！<br><br>・遅れてきたポケモンマスター 第二弾！<br>　『ポケットモンスター ブラック（DS）』<br>　バッジ3個取ったばかりなんだが。<br><br>・例外だ！コミュ掟破りのオンラインゲームニコ生専用部屋作成！<br>　『大乱闘スマッシュブラザーズX（Wii）』<br>　時々御嬢が乱入するよ！<br><br>・第四章までステータス割り振りの存在に気付かなかった私に不備は（ｒｙ<br>　『龍が如く（PS2）』<br>　現在第？章<br><br>・ホラー苦手なんだが女の子全員かわいいから許す。<br>　『零 ～月蝕の仮面～（Wii）』<br>　初めてのホラーゲームにしては完全に選択ミスだ。正直涙目だった（切実）<br>　ノーマル、感動と共にクリアしました。<br><br><br><font color=""0000ff"" size=""3"">◆その他の特別放送</font><br><br>↓こちらへ<br>http://www12.atpages.jp/bzultra/sub6.html<br><br><br><font color=""0000ff"" size=""3"">◆注意事項</font><br><br>・PCが超低スペック<br>・極稀にボイスチェンジャー、エコー利用<br>・こちらが不要だと判断した場合、予告無しにコミュニティから抹消させて頂きます。<br><br><br><font color=""0000ff"" size=""4"">◆最終注意事項</font><br><br>以下に当てはまる方はこちらのコミュニティに入る事をオススメしません。<br>・ゲームにて、同じ場所で6回以上死亡するのを見てウズウズもなく只管イライラする。<br><br><br>ニコニコ用機材等<br>マイク: AT-VD3→直挿し→&quot;Yamaha DS1x Native Audio&quot;<br>マイクスタンド: MDS-2300/CR<br>電子キーボード: CASIO CTK-550<br>キャプチャ: &quot;Flash Media Live Encoder 3.1&quot;+&quot;SCFH DSF&quot;<br>家庭用ゲーム機画面取り込み: &quot;MonsterTV V&quot;→&quot;アマレコTV&quot;<br>携帯ゲーム機画面取り込み: BWC35H01BKA<br>オーディオデバイス: &quot;Realtek AC97 Audio&quot;+&quot;Yamaha DS1x Native Audio&quot;<br>仮想ステミキ: &quot;猿ちぃ&quot;x&quot;Avnex Virtual Audio Device&quot;<br>コメントビューアー: &quot;NiconamaCommentViewer&quot;x&quot;棒読みちゃん&quot;<br>音声加工: FL Studio、Audacity、SoundEngine<br>画像加工: Photoshop<br>動画加工: After Effects<br>音楽生成: ACID<br>動画生成: ニコエンコ、AviUtl<br><br>Gamer&#039;s Profile<br>Web Name: Chrome Bread<br>Real Name: ※private<br>Location: Ehime / Japan<br>Age: ※private<br>Birthday: Sep 2<br>Constellation: Virgo<br>Blood type: AB<br>Gender: Male<br>Website: http://ameblo.jp/bzultra/<br>Email: ※private<br>Gaming Style: n00binator Performance ScoreAttack<br><br>PC Spec<br>Manufacturer: INTELR <br>Processor: Intel(R) Pentium(R) 4 CPU 2.80GHz (2 CPUs) <br>Memory: 2048MB RAM <br>Hard Drive: Maxtor 6Y080P0 <br>Video Card: NVIDIA GeForce 6600 <br>Monitor: LCD-AD191X2 1440 x 900 (32 bit) (60Hz) <br>Sound Card: Realtek AC97 Audio <br>Speakers/Headphones: In-Ear Headphones <br>Keyboard: DPKF1UBK <br>Mouse: Microsoft USB IntelliMouse Explorer 4.0 <br>Mouse Surface: 『BACCANO!』 (Anime) seal <br>Operating System: Windows XP Professional Service Pack 3 <br>Motherboard: PX865PE/PRO <br>Computer Case: B&#039;z<br><br><font color=""0000ff"">Blog: http://ameblo.jp/bzultra/<br>XFire: http://www.xfire.com/profile/chromebread/<br>Steam: http://steamcommunity.com/id/bzultra/<br>Raptr: http://raptr.com/ChromeBread/<br>zoome: http://zoome.jp/bzultra/<br>Twitter: http://twitter.com/chromebread/<br>mixi: http://mixi.jp/show_friend.pl?id=31969278/<br>Ustream: http://www.ustream.tv/user/chromebread/<br>HP: http://www12.atpages.jp/bzultra/<br></font>"
co25271,Eternal Fighter ZERO,黄昏フロンティアの処女作「Eternal Fighter ZERO」のコミュニティです。<br>[￥Ｎ][￥Ｎ]誰でも自由に生放送してOKですが、各種イベントとかぶるタイミングでの放送にはお気をつけください。<br>[￥Ｎ][￥Ｎ]<br>[￥Ｎ][￥Ｎ]オンライン段位戦<br>[￥Ｎ][￥Ｎ]http://www7.atwiki.jp/efzgladematch/
co28129,ジョン・カビラファンの集う地,どうもこんにちは、シュコウです。<br>[￥Ｎ][￥Ｎ]なんという需要の無さそうなコミュニティ。実際に無かったから作っちゃいました。<br>[￥Ｎ][￥Ｎ]まったりフリーダムにやりたいと思ってます。[￥Ｎ][￥Ｎ]<br>[￥Ｎ][￥Ｎ]<br>[￥Ｎ][￥Ｎ]関連ページ[￥Ｎ][￥Ｎ]<br>[￥Ｎ][￥Ｎ]ゆっくりカビラ達　こちらは以前とある方に書いていただきました<br>http://www.pixiv.net/member_illust.php?mode=medium&illust_id=3863091<br>[￥Ｎ][￥Ｎ]http://www.pixiv.net/member_illust.php?mode=medium&illust_id=3870215<br>[￥Ｎ][￥Ｎ]<br>[￥Ｎ][￥Ｎ]作ったもの　mylist/11666460<br>[￥Ｎ][￥Ｎ]何か予定などあればここに書くはずです<br><br>
co31746,FPS放送局,適当にFPSを生放送していこうかなと思っている。<br>[￥Ｎ][￥Ｎ]たまにFPS以外の放送もしたりするかも？<br>[￥Ｎ][￥Ｎ]基本無料系FPSはあまりしません。<br>[￥Ｎ][￥Ｎ]スカイプID：xpatriotsx<br>[￥Ｎ][￥Ｎ]steam:tagforcegx<br>[￥Ｎ][￥Ｎ]Twitter:Ada_112<br>[￥Ｎ][￥Ｎ]スカイプ登録の際「ニコ生から」とかお願いします。<br><br>[￥Ｎ][￥Ｎ][￥Ｎ][￥Ｎ]ついっち【http://www.twitch.tv/ada112】<br><br>[￥Ｎ][￥Ｎ]ポータルRTA<br>[￥Ｎ][￥Ｎ]記録22分21.7秒<br><br>[￥Ｎ][￥Ｎ]マインクラフト金の剣作成RTA<br>[￥Ｎ][￥Ｎ]記録33分33.5秒<br><br>[￥Ｎ][￥Ｎ]PCスペック<br>[￥Ｎ][￥Ｎ]CPU:Intel(R) Core(TM) i7-2600 CPU @ 3.40GHz<br>[￥Ｎ][￥Ｎ]メモリ:8170MB<br>[￥Ｎ][￥Ｎ]グラボ:Geforce GTX560<br>[￥Ｎ][￥Ｎ]OS:Windows 7 Home Premium SP1 <br><br>
co320102,おしノコシティ,不定期で色々ゲームします。<br>[￥Ｎ][￥Ｎ]以上
co32150,てきとうにぬーぶが色んなゲームを遊ぶ,色んなゲームを遊びながら配信する<br>[￥Ｎ][￥Ｎ]<br>[￥Ｎ][￥Ｎ]twitter:maidpower<br />
co324690,くりおマイルドカフェオーレ...**,"<font size=""5"" color=""#b0c4de"">[￥Ｎ][￥Ｎ]*.｡o○o｡.*:._.:*.｡o○o｡.*:._.:*.｡o○o｡.*:._.:*.｡</font>[￥Ｎ][￥Ｎ]<br><br><br>[￥Ｎ][￥Ｎ]　　　　　<font size=""4"" color=""#87ceeb"">☞　自己紹介</font>[￥Ｎ][￥Ｎ]<br><br>[￥Ｎ][￥Ｎ]<font size=""2"" color=""#696969"">　　　　　　　　　名前: cleo (くりお)<br></font><br><br>[￥Ｎ][￥Ｎ]　　　　　<font size=""4"" color=""#87ceeb"">☞　放送内容</font>[￥Ｎ][￥Ｎ]<br><br>[￥Ｎ][￥Ｎ]<font size=""2"" color=""#696969"">　　　　　　　　　* ぐだぐだとはなす <br>[￥Ｎ][￥Ｎ][￥Ｎ][￥Ｎ]　　　　　　　　　* ピアノ<br>[￥Ｎ][￥Ｎ]　　　　　　　　　* ゲーム実況<br>[￥Ｎ][￥Ｎ]　　　　　　　　　　　　　→ 今までやったもの<br>[￥Ｎ][￥Ｎ]　　　　　　　　　　　　　　青鬼ver5.2、6.03<br>[￥Ｎ][￥Ｎ]　　　　　　　　　　　　　　THE HOUSE、２<br>[￥Ｎ][￥Ｎ]　　　　　　　　　　　　　　阿部鬼(途中だけどもうしない)<br>[￥Ｎ][￥Ｎ]　　　　　　　　　　　　　　脱出ゲーム・赤い部屋<br>[￥Ｎ][￥Ｎ]　　　　　　　　　　　　　　明日の命を勝ち取る方法<br>[￥Ｎ][￥Ｎ]　　　　　　　　　　　　　　心がほしかった僕のおはなし<br>[￥Ｎ][￥Ｎ]　　　　　　　　　　　　　　The noose<br>[￥Ｎ][￥Ｎ]　　　　　　　　　　　　　　君の瞳はサンダーボルト殺人事件～太陽はまぶしい星～<br>[￥Ｎ][￥Ｎ]　　　　　　　　　　　　　　バナナの皮～the rind of banana～<br>[￥Ｎ][￥Ｎ]　　　　　　　　　　　　　　君のハートにファイアーボール伝説～不運児段田の絶望～<br>[￥Ｎ][￥Ｎ]　　　　　　　　　　　　　　cubic3<br>[￥Ｎ][￥Ｎ]　　　　　　　　　　　　　　プリズミカ(まだ終わってないけどもうしない)<br>[￥Ｎ][￥Ｎ]　　　　　　　　　　　　　　ハートの国のアリス(ちょっとだけしたけどもうしない)<br><br>[￥Ｎ][￥Ｎ]　　　　　　　　　　　　そろそろゲーム実況していこうと思ってます。<br><br>[￥Ｎ][￥Ｎ]　　　　　　　　　　　　実況する予定のもの(いつするかは未定)<br>[￥Ｎ][￥Ｎ]　　　　　　　　　　　　　→Ib<br>[￥Ｎ][￥Ｎ]　　　　　　　　　　　　　　やまんばinハイスクール<br>[￥Ｎ][￥Ｎ]　　　　　　　　　　　　　　赤の世界<br>[￥Ｎ][￥Ｎ]　　　　　　　　　　　　　　and more...</font><br><br>[￥Ｎ][￥Ｎ]　　　　　<font size=""4"" color=""#87ceeb"">☞　サムネ</font>[￥Ｎ][￥Ｎ]<br><br>　[￥Ｎ][￥Ｎ]<font size=""2"" color=""#696969"">　　　　　　　  No.1 shu</font><br>[￥Ｎ][￥Ｎ]<font size=""2"" color=""#696969"">　　　　　　　　 No.2 うつき　←　now !</font><br><br><br>[￥Ｎ][￥Ｎ]　　　　　<font size=""4"" color=""#87ceeb"">☞　コンタクト</font>[￥Ｎ][￥Ｎ]<br><br>[￥Ｎ][￥Ｎ]<font size=""2"" color=""#696969"">　　　　　　　　　TwitterID： @r0sestar</font><br>[￥Ｎ][￥Ｎ]<br><br>[￥Ｎ][￥Ｎ]　　　　　<font size=""4"" color=""#87ceeb"">☞　おともだち</font>[￥Ｎ][￥Ｎ]<br><br><br>[￥Ｎ][￥Ｎ]<font size=""2"" color=""#ffb6c1"">　　　　　　ばる子 ((co537292))　みちゃん ((co454042))</font><br><br>[￥Ｎ][￥Ｎ]<font size=""2"" color=""#4169e1"">　　　　　　ばるお ((co475872))　じゅん ((co118148))　ゆっけ ((co361346))</font><br>[￥Ｎ][￥Ｎ]<font size=""2"" color=""#4169e1"">　　　　　　ポン汰 ((co154118))　ノク ((co1218239))　メガレ君((co423256))</font><br>[￥Ｎ][￥Ｎ]<font size=""2"" color=""#4169e1"">　　　　　　アレッシュ ((co329165))　ソラ ((co372251))　くりお((co517202))</font><br>[￥Ｎ][￥Ｎ]<font size=""2"" color=""#4169e1"">　　　　　　カフェオレ ((co420588))</font>[￥Ｎ][￥Ｎ]<br><br><br>[￥Ｎ][￥Ｎ]<font size=""3"" color=""#deb877"">　　　　　カフェオレ同盟　((co453619))　くりきん　((co553131))</font>[￥Ｎ][￥Ｎ]<br><br>[￥Ｎ][￥Ｎ]<font size=""5"" color=""#b0c4de"">[￥Ｎ][￥Ｎ]*.｡o○o｡.*:._.:*.｡o○o｡.*:._.:*.｡o○o｡.*:._.:*.｡</font>"
co450845,ゆっこのまったり適当,皆様こんにちわ！ゆっこです。男の子です。配信初心者ですがよろしければ仲良くしてやってください(●´ω｀●)[￥Ｎ][￥Ｎ]<br>マイクの調子が悪くて声でなかったり小さかったりしてます；；[￥Ｎ][￥Ｎ]<br>[￥Ｎ][￥Ｎ]<br>★゜・。。・゜゜・。。・゜☆゜・。。・゜゜・。。★゜・。。・゜゜・。。・゜☆゜・。。・゜゜・。。・゜★゜・。。・゜゜・。。・゜☆゜・。。・゜゜・。。・★[￥Ｎ][￥Ｎ][￥Ｎ][￥Ｎ]<br>☆主スペック：男 22歳 身長167cm 体重50kg 宮城県出身[￥Ｎ][￥Ｎ]<br>☆趣味：スロット（最近やってないけど・・・）、JAZZ[￥Ｎ][￥Ｎ]<br> [￥Ｎ][￥Ｎ]<br>★゜・。。・゜゜・。。・゜☆゜・。。・゜゜・。。★゜・。。・゜゜・。。・゜☆゜・。。・゜゜・。。・゜★゜・。。・゜゜・。。・゜☆゜・。。・゜゜・。。・★[￥Ｎ][￥Ｎ]<br>[￥Ｎ][￥Ｎ]<br>☆最近活動しているもの：PM L4D2[￥Ｎ][￥Ｎ]<br>　　　　　　　　　　　　777town（深夜2時以降か夕方にやってます）、麻雀、お絵かきの森 etc...[￥Ｎ][￥Ｎ]<br>[￥Ｎ][￥Ｎ]<br>【現在進行しているもの】[￥Ｎ][￥Ｎ]<br>[￥Ｎ][￥Ｎ]<br>たま～にどこかの放送で一緒に歌枠してたりするかもしれません(●´ω｀●)[￥Ｎ][￥Ｎ]<br>[￥Ｎ][￥Ｎ]<br>★゜・。。・゜゜・。。・゜☆゜・。。・゜゜・。。★゜・。。・゜゜・。。・゜☆゜・。。・゜゜・。。・゜★゜・。。・゜゜・。。・゜☆゜・。。・゜゜・。。・★[￥Ｎ][￥Ｎ]<br>[￥Ｎ][￥Ｎ]<br>♪お友達紹介♪[￥Ｎ][￥Ｎ]<br>[￥Ｎ][￥Ｎ]<br>○ぼん様：ロリコン紳士と呼ばれる数多の伝説を作った男。幼き彼女らを愛することに全力を注ぐも消して手を出すことはせず、彼女らに近づく者に仁義無き制裁を加える紳士。　　　正直関わりたくない・・・[￥Ｎ][￥Ｎ]<br>[￥Ｎ][￥Ｎ]<br>○りずにゃん：PMからのお付き合いのある方。麻雀中は「鳴きのりずにゃん」と恐れられているがその鳴きによって泣きを見ているのは言うまでも無い。彼女はもしやどＭなのだろうか・・・ちょっと天然な所があるけどどＭなら許してやろう。[￥Ｎ][￥Ｎ]<br>[￥Ｎ][￥Ｎ]<br>★゜・。。・゜゜・。。・゜☆゜・。。・゜゜・。。★゜・。。・゜゜・。。・゜☆゜・。。・゜゜・。。・゜★゜・。。・゜゜・。。・゜☆゜・。。・゜゜・。。・★[￥Ｎ][￥Ｎ]<br>[￥Ｎ][￥Ｎ]<br>●主はタバコがないと生きていけません。タバコ値上がりしましたね、140円あがりました・・・でもやめる気はないんです・・・許して・・・[￥Ｎ][￥Ｎ]<br>[￥Ｎ][￥Ｎ]<br>★゜・。。・゜゜・。。・゜☆゜・。。・゜゜・。。★゜・。。・゜゜・。。・゜☆゜・。。・゜゜・。。・゜★゜・。。・゜゜・。。・゜☆゜・。。・゜゜・。。・★[￥Ｎ][￥Ｎ]<br>☆弖虎さんco396606　超絶美人さんです、んふっ？[￥Ｎ][￥Ｎ]<br>[￥Ｎ][￥Ｎ]<br>コモノンさんco430396　最近お友達になった方！麻雀とか一緒にやってます！[￥Ｎ][￥Ｎ]<br>[￥Ｎ][￥Ｎ]<br>ポピーさんco463829　最近放送を始めた方です！どＭの面白い方なのでよろしく！[￥Ｎ][￥Ｎ]<br>★゜・。。・゜゜・。。・゜☆゜・。。・゜゜・。。★゜・。。・゜゜・。。・゜☆゜・。。・゜゜・。。・゜★゜・。。・゜゜・。。・゜☆゜・。。・゜゜・。。・★
co460867,水くれ、水、水が足りない,配信するためのコミュニティ<br>[￥Ｎ][￥Ｎ]<br>[￥Ｎ][￥Ｎ]配信しているゲーム…H1Z1<br>[￥Ｎ][￥Ｎ]<br>[￥Ｎ][￥Ｎ]<br>
co487000,ふぉるしぃが科学的に実証してみる,【放送内容】<br>[￥Ｎ][￥Ｎ]・スプラトゥーン3<br>[￥Ｎ][￥Ｎ]・ノスタルジアop.3<br>[￥Ｎ][￥Ｎ]・beatmaniaIIDX Infinitas<br>[￥Ｎ][￥Ｎ]<br>[￥Ｎ][￥Ｎ]【終了】<br>[￥Ｎ][￥Ｎ]・マインクラフト<br>[￥Ｎ][￥Ｎ]・スプラトゥーン2<br>[￥Ｎ][￥Ｎ]・PUBG<br>[￥Ｎ][￥Ｎ]・コードオブジョーカー<br>[￥Ｎ][￥Ｎ]・ドラゴンクエスト10<br>[￥Ｎ][￥Ｎ]・ペーパーマン<br>[￥Ｎ][￥Ｎ]・コードオブジョーカーポケット<br>[￥Ｎ][￥Ｎ]・東方非想天則
co62868,ナナスのまったり口下手ゲーム実況,いらっしゃいませ！<br>[￥Ｎ][￥Ｎ]ペーパーマンをメインに放送しているゲーム好きな声高い系男子のナナスです。[￥Ｎ][￥Ｎ]<br>[￥Ｎ][￥Ｎ]コミュリンク募集中でござるよ！とか言いながら勝手にリンクを貼ってみる。リンクフリーなのでどうぞご自由に(*´ω｀*)<br>[￥Ｎ][￥Ｎ]【リンクコーナー】<br>[￥Ｎ][￥Ｎ]co88116 ←LEOぽんさん<br>[￥Ｎ][￥Ｎ]共にメルブラのてっぺんを目指したけど今はアイワナ勢風格ゲーマー。<br>[￥Ｎ][￥Ｎ]僕の大事なリア友の一人です。最近動画あげてて面白いからゆっくり見ていってね！<br>[￥Ｎ][￥Ｎ]去年のアイワナ大会でLEOぽん旋風を吹き込んだのを、僕は忘れない。[￥Ｎ][￥Ｎ]<br>[￥Ｎ][￥Ｎ]co288022←hawawa軍師さん<br>[￥Ｎ][￥Ｎ]雀耶さんと一緒に最古参リスナーでありながら、常連さん。<br>[￥Ｎ][￥Ｎ]喋りも落ち着いていてまるではわわ～となる感じで僕は好きです。推しメン。<br>[￥Ｎ][￥Ｎ]co1613655←東雲さま<br>[￥Ｎ][￥Ｎ]若本ボイスが上手いイケボっぽい生主様。よく遊びに行ってｲｯﾁｬ!してます。<br>[￥Ｎ][￥Ｎ]co1603519←充利さま<br>[￥Ｎ][￥Ｎ]爽やか系イケボで人気急上昇中の生主様、いつも人気です(*´ω｀*)<br>
co7672,【ぞんちょが実況！】,コミュに登録頂いた方の人数が、3.000名様を越えました。<br>[￥Ｎ][￥Ｎ]ありがとうございますｯｯ！<br>[￥Ｎ][￥Ｎ]<br>[￥Ｎ][￥Ｎ]て事で、ここの文章ももう少し整理しとこう…。<br>[￥Ｎ][￥Ｎ]<br>[￥Ｎ][￥Ｎ]<br>[￥Ｎ][￥Ｎ]______________________________________________________<br>[￥Ｎ][￥Ｎ]<br>[￥Ｎ][￥Ｎ]<b>ニコニコ動画にて実況したタイトル</b><br>[￥Ｎ][￥Ｎ]<br>[￥Ｎ][￥Ｎ]【ゾンビが汚染！】 Fallout4 実況プレ​イ 【PS4】mylist/56144981<br>[￥Ｎ][￥Ｎ]【ゾンビが跳躍！】 Dying Light 実況プレ​イ 【PS4】　mylist/55992077<br>[￥Ｎ][￥Ｎ]【ゾンビが天啓！】 BIOHAZARD REVELATIONS2 実況プレ​イ 【PS4】　mylist/55578367<br>[￥Ｎ][￥Ｎ]【ゾンビが冒険！】 ドラゴンクエストX 実況プレ​イ 【DQX】　mylist/50321602<br>[￥Ｎ][￥Ｎ]【ゾンビが洋館！】 biohazard HD 実況プレ​イ 【クリス編ハード】　mylist/49138263<br>[￥Ｎ][￥Ｎ]【ゾンビが告発！】 Outlast Whistleblower 実況プレ​イ 【DLC】　mylist/47511470　完結<br>[￥Ｎ][￥Ｎ]【ゾンビが啓示！】 BIOHAZARD REVELATIONS 実況プレ​イ 【UE】　mylist/47497933　完結<br>[￥Ｎ][￥Ｎ]【ゾンビが再会！】 DeadRising2 Off The Record 実況プレ​イ 【PC】　mylist/44797046　完結<br>[￥Ｎ][￥Ｎ]【ゾンビが衰退！】 State of Decay 実況プレ​イ 【PC】　mylist/42570366　完結<br>[￥Ｎ][￥Ｎ]【ゾンビが廃院！】 Outlast 実況プレ​イ 【PC】　mylist/42570352　完結<br>[￥Ｎ][￥Ｎ]【ゾンビが豪雪！】 DeadSpace3 実況プレ​イ 【2人プレイ】　mylist/38870133　完結<br>[￥Ｎ][￥Ｎ]【ゾンビが魔王！】 Diablo3 実況プレイ 【字幕付き】　mylist/37201715　完結<br>[￥Ｎ][￥Ｎ]【ゾンビが米夢！】 Alan Wake's American Nightmare 実況プレ​イ 【PC】　mylist/36320662　完結<br>[￥Ｎ][￥Ｎ]【ゾンビが死島！】 DeadIsland 実況プレイ 【PC】　mylist/32736935　完結<br>[￥Ｎ][￥Ｎ]【ゾンビが逃避！】 AMY 実況プレイ 【PS3】　mylist/32075496　完結<br>[￥Ｎ][￥Ｎ]【ゾンビが天国！】 DeadRising2 実況プレイ 【Xbox360】　mylist/29928981　完結<br>[￥Ｎ][￥Ｎ]【ゾンビが胎誕！】 DeadSpace2 実況プレイ【字幕付】　mylist/25174167　完結<br>[￥Ｎ][￥Ｎ]【ゾンビが夜陰！】 Alan Wake 実況プレ​イ 【Xbox360】　mylist/23726107　完結<br>[￥Ｎ][￥Ｎ]【ゾンビが西部！】 RedDeadRedemption:Undead Nightmare　mylist/22471909　完結<br>[￥Ｎ][￥Ｎ]【ゾンビが原型！】 Prototype 実況プレイ 【PS3】　mylist/20457098　完結<br>[￥Ｎ][￥Ｎ]【ゾンビが爆走！】 Left4Dead2 実況プレイ 【Xbox360】　mylist/19136304　完結<br>[￥Ｎ][￥Ｎ]【ゾンビが幽霊！】 零　～紅い蝶～　実況プレイ 【PS2版】　mylist/13864117　中断中<br>[￥Ｎ][￥Ｎ]【ゾンビが大量！】 DeadRising　実況プレイ 【北米版】　mylist/13397268　完結<br>[￥Ｎ][￥Ｎ]【ゾンビが墜落！】 Lost　実況プレイ 【海外ドラマ】　mylist/11989751　完結<br>[￥Ｎ][￥Ｎ]【ゾンビが石村！】 DeadSpace 実況プレイ 【字幕付】　mylist/10411023　完結<br>[￥Ｎ][￥Ｎ]【ゾンビが疾走！】 Left 4 Dead 実況プレイ 【Xbox360】　mylist/9775646　完結<br>[￥Ｎ][￥Ｎ]【ゾンビが主役！】Stubbs The Zombie 実況プレイ 　mylist/9385076　完結<br>[￥Ｎ][￥Ｎ]<br>[￥Ｎ][￥Ｎ]<br>[￥Ｎ][￥Ｎ]______________________________________________________<br>[￥Ｎ][￥Ｎ]<br>[￥Ｎ][￥Ｎ]<b>ニコニコ生放送にて実況したタイトル</b><br>[￥Ｎ][￥Ｎ]<br>[￥Ｎ][￥Ｎ]<br>[￥Ｎ][￥Ｎ]DeadSpace Extraction　完結<br>[￥Ｎ][￥Ｎ]DeadSpace2　完結<br>[￥Ｎ][￥Ｎ]DeadSpace　完結<br>[￥Ｎ][￥Ｎ]Dante's Inferno　完結<br>[￥Ｎ][￥Ｎ]Left4Dead2　完結<br>[￥Ｎ][￥Ｎ]biohazard5 AlternativeEdition　完結<br>[￥Ｎ][￥Ｎ]Silenthill Homecoming　完結<br>[￥Ｎ][￥Ｎ]<br>[￥Ｎ][￥Ｎ]<br>[￥Ｎ][￥Ｎ]______________________________________________________<br>[￥Ｎ][￥Ｎ]<br>[￥Ｎ][￥Ｎ]生放送に関しては不定期放送のため<br>[￥Ｎ][￥Ｎ]事前に放送開始時刻のお知らせが難しくなっております。<br>[￥Ｎ][￥Ｎ]<br>[￥Ｎ][￥Ｎ]ニコ生アラートをご利用いただければ、放送開始時に<br>[￥Ｎ][￥Ｎ]お知らせorメールを送ってくれるそうなので、よければ参考までに。<br>[￥Ｎ][￥Ｎ]<br>[￥Ｎ][￥Ｎ]ニコ生アラート(本家)・(メール)　～お気に入り番組の放送開始をお知らせ～<br>[￥Ｎ][￥Ｎ]http://live.nicovideo.jp/alert/<br>
co83353,セラなんとかさん名前統一するってよ,不定期生主になりました！<br>主にPMのミラーとかPSO2とかやっていこうかなと思ってます<br>まぁ適当にくっちゃべりながらやってるだけなんで生暖かい目で見てやってください
